<metadata xml:lang="en">
    <Esri>
        <MetaID>{0A63FB01-743C-41D4-9C36-853628FD62ED}</MetaID>
        <CreaDate>20100510</CreaDate>
        <CreaTime>13054400</CreaTime>
        <SyncOnce>FALSE</SyncOnce>
        <SyncDate>20210407</SyncDate>
        <SyncTime>12163800</SyncTime>
        <ModDate>20210407</ModDate>
        <ModTime>12170900</ModTime>
        <DataProperties>
            <itemProps>
                <itemName Sync="TRUE">G4364_B5_2U5_1911_U5_rectified.tif</itemName>
                <itemLocation>
                    <linkage Sync="TRUE">file://C:\Raster_data\G4364_B5_2U5_1911_U5_rectified.tif\G4364_B5_2U5_1911_U5_rectified.tif</linkage>
                    <protocol Sync="TRUE">Local Area Network</protocol>
                </itemLocation>
                <imsContentType export="False">002</imsContentType>
                <nativeExtBox>
                    <westBL Sync="TRUE">-122.270628</westBL>
                    <eastBL Sync="TRUE">-122.251791</eastBL>
                    <southBL Sync="TRUE">37.866780</southBL>
                    <northBL Sync="TRUE">37.884005</northBL>
                    <exTypeCode Sync="TRUE">1</exTypeCode>
                </nativeExtBox>
            </itemProps>
            <coordRef>
                <type Sync="TRUE">Geographic</type>
                <geogcsn Sync="TRUE">GCS_WGS_1984</geogcsn>
                <csUnits Sync="TRUE">Angular Unit: Degree (0.017453)</csUnits>
                <peXml Sync="TRUE">&lt;GeographicCoordinateSystem xsi:type='typens:GeographicCoordinateSystem'
                    xmlns:xsi='http://www.w3.org/2001/XMLSchema-instance'
                    xmlns:xs='http://www.w3.org/2001/XMLSchema'
                    xmlns:typens='http://www.esri.com/schemas/ArcGIS/10.6'&gt;&lt;WKT&gt;GEOGCS[&amp;quot;GCS_WGS_1984&amp;quot;,DATUM[&amp;quot;D_WGS_1984&amp;quot;,SPHEROID[&amp;quot;WGS_1984&amp;quot;,6378137.0,298.257223563]],PRIMEM[&amp;quot;Greenwich&amp;quot;,0.0],UNIT[&amp;quot;Degree&amp;quot;,0.0174532925199433],AUTHORITY[&amp;quot;EPSG&amp;quot;,4326]]&lt;/WKT&gt;&lt;XOrigin&gt;-400&lt;/XOrigin&gt;&lt;YOrigin&gt;-400&lt;/YOrigin&gt;&lt;XYScale&gt;11258999068426.238&lt;/XYScale&gt;&lt;ZOrigin&gt;-100000&lt;/ZOrigin&gt;&lt;ZScale&gt;10000&lt;/ZScale&gt;&lt;MOrigin&gt;-100000&lt;/MOrigin&gt;&lt;MScale&gt;10000&lt;/MScale&gt;&lt;XYTolerance&gt;8.983152841195215e-09&lt;/XYTolerance&gt;&lt;ZTolerance&gt;0.001&lt;/ZTolerance&gt;&lt;MTolerance&gt;0.001&lt;/MTolerance&gt;&lt;HighPrecision&gt;true&lt;/HighPrecision&gt;&lt;LeftLongitude&gt;-180&lt;/LeftLongitude&gt;&lt;WKID&gt;4326&lt;/WKID&gt;&lt;LatestWKID&gt;4326&lt;/LatestWKID&gt;&lt;/GeographicCoordinateSystem&gt;
                </peXml>
            </coordRef>
            <RasterProperties>
                <General>
                    <PixelDepth Sync="TRUE">8</PixelDepth>
                    <HasColormap Sync="TRUE">FALSE</HasColormap>
                    <CompressionType Sync="TRUE">None</CompressionType>
                    <NumBands Sync="TRUE">3</NumBands>
                    <Format Sync="TRUE">TIFF</Format>
                    <HasPyramids Sync="TRUE">TRUE</HasPyramids>
                    <SourceType Sync="TRUE">continuous</SourceType>
                    <PixelType Sync="TRUE">unsigned integer</PixelType>
                    <NoDataValue Sync="TRUE"/>
                </General>
            </RasterProperties>
        </DataProperties>
        <scaleRange>
            <minScale>150000000</minScale>
            <maxScale>5000</maxScale>
        </scaleRange>
        <ArcGISFormat>1.0</ArcGISFormat>
        <ArcGISProfile>ItemDescription</ArcGISProfile>
    </Esri>
    <idinfo>
        <native Sync="TRUE">Microsoft Windows XP Version 5.1 (Build 2600) Service Pack 3; ESRI ArcCatalog 9.3.1.3000</native>
        <descript>
            <langdata Sync="TRUE">en</langdata>
            <abstract>REQUIRED: A brief narrative summary of the data set.</abstract>
            <purpose>REQUIRED: A summary of the intentions with which the data set was developed.</purpose>
        </descript>
        <citation>
            <citeinfo>
                <origin>REQUIRED: The name of an organization or individual that developed the data set.</origin>
                <pubdate>REQUIRED: The date when the data set is published or otherwise made available for release.</pubdate>
                <title Sync="TRUE">G4364_B5_2U5_1911_U5_rectified.tif</title>
                <ftname Sync="TRUE">G4364_B5_2U5_1911_U5_rectified.tif</ftname>
                <onlink Sync="TRUE">\\MCC-57-8\F$\UCB\G4364_B5_2U5_1911_U5_rectified.tif</onlink>
                <geoform Sync="TRUE">remote-sensing image</geoform>
            </citeinfo>
        </citation>
        <timeperd>
            <current>REQUIRED: The basis on which the time period of content information is determined.</current>
            <timeinfo>
                <sngdate>
                    <caldate>REQUIRED: The year (and optionally month, or month and day) for which the data set corresponds to the ground.</caldate>
                </sngdate>
            </timeinfo>
        </timeperd>
        <status>
            <progress>REQUIRED: The state of the data set.</progress>
            <update>REQUIRED: The frequency with which changes and additions are made to the data set after the initial data set is completed.</update>
        </status>
        <spdom>
            <bounding>
                <westbc Sync="TRUE">-122.270628</westbc>
                <eastbc Sync="TRUE">-122.251791</eastbc>
                <northbc Sync="TRUE">37.884005</northbc>
                <southbc Sync="TRUE">37.866780</southbc>
            </bounding>
            <lboundng>
                <leftbc Sync="TRUE">-122.270628</leftbc>
                <rightbc Sync="TRUE">-122.251791</rightbc>
                <bottombc Sync="TRUE">37.866780</bottombc>
                <topbc Sync="TRUE">37.884005</topbc>
            </lboundng>
        </spdom>
        <keywords>
            <theme>
                <themekt>REQUIRED: Reference to a formally registered thesaurus or a similar authoritative source of theme keywords.</themekt>
                <themekey>REQUIRED: Common-use word or phrase used to describe the subject of the data set.</themekey>
            </theme>
        </keywords>
        <accconst>REQUIRED: Restrictions and legal prerequisites for accessing the data set.</accconst>
        <useconst>REQUIRED: Restrictions and legal prerequisites for using the data set after access is granted.</useconst>
        <natvform Sync="TRUE">Raster Dataset</natvform>
    </idinfo>
    <dataIdInfo>
        <envirDesc Sync="TRUE"> Version 6.2 (Build 9200) ; Esri ArcGIS 10.6.1.9270</envirDesc>
        <dataLang>
            <languageCode Sync="TRUE" value="eng"/>
            <countryCode value="USA" Sync="TRUE"/>
        </dataLang>
        <idCitation
            xmlns="">
            <resTitle Sync="FALSE">Map of the University of California, Berkeley, 1911</resTitle>
            <presForm
                xmlns="">
                <PresFormCd Sync="TRUE" value="005"/>
            </presForm>
            <resRefDate>
                <refDate>1911</refDate>
                <refDateType>
                    <DateTypCd value="001"/>
                </refDateType>
            </resRefDate>
            <date>
                <createDate>1911-01-01T00:00:00</createDate>
            </date>
            <citRespParty
                xmlns="">
                <rpIndName>John Ridener</rpIndName>
                <rpOrgName>Earth Sciences and Map Library University of California, Berkeley</rpOrgName>
                <rpPosName>GIS Specialist</rpPosName>
                <rpCntInfo
                    xmlns="">
                    <cntAddress addressType="">
                        <delPoint>50 McCone Hall, UC Berkeley</delPoint>
                        <city>Berkeley</city>
                        <adminArea>California</adminArea>
                        <postCode>94720</postCode>
                        <eMailAdd>jridener@library.berkeley.edu</eMailAdd>
                        <country>us</country>
                    </cntAddress>
                    <cntPhone>
                        <voiceNum tddtty="">510 643 9350</voiceNum>
                    </cntPhone>
                </rpCntInfo>
                <role>
                    <RoleCd value="006"/>
                </role>
                <displayName>John Ridener</displayName>
            </citRespParty>
            <citRespParty
                xmlns="">
                <editorSource>external</editorSource>
                <editorDigest>b227a3aba7a27788ab3eec356a07be0a</editorDigest>
                <rpOrgName>UC Berkeley Library</rpOrgName>
                <rpCntInfo
                    xmlns="">
                    <cntPhone>
                        <voiceNum tddtty="">(510) 642-2997</voiceNum>
                    </cntPhone>
                    <cntAddress addressType="">
                        <delPoint>50 McCone Hall</delPoint>
                        <city>Berkeley</city>
                        <adminArea>CA</adminArea>
                        <postCode>94720</postCode>
                        <country>US</country>
                        <eMailAdd>eart@library.berkeley.edu</eMailAdd>
                    </cntAddress>
                </rpCntInfo>
                <editorSave>True</editorSave>
                <displayName>UC Berkeley Library</displayName>
                <role>
                    <RoleCd value="010"/>
                </role>
            </citRespParty>
        </idCitation>
        <spatRpType>
            <SpatRepTypCd Sync="TRUE" value="002"/>
        </spatRpType>
        <geoBox esriExtentType="decdegrees">
            <westBL Sync="TRUE">-122.270628</westBL>
            <eastBL Sync="TRUE">-122.251791</eastBL>
            <northBL Sync="TRUE">37.884005</northBL>
            <southBL Sync="TRUE">37.86678</southBL>
            <exTypeCode Sync="TRUE">1</exTypeCode>
        </geoBox>
        <idAbs>&lt;DIV STYLE="text-align:Left;"&gt;&lt;DIV&gt;&lt;DIV&gt;&lt;P&gt;&lt;SPAN&gt;Scan of a map of the University of California, Berkeley published in January 1911. Shows campus buildings, roads, paths and creeks. Includes list of buildings and other facilities, with descriptions.&lt;/SPAN&gt;&lt;/P&gt;&lt;/DIV&gt;&lt;/DIV&gt;&lt;/DIV&gt;</idAbs>
        <dataExt
            xmlns="">
            <geoEle
                xmlns="">
                <GeoBndBox esriExtentType="search">
                    <exTypeCode Sync="TRUE">1</exTypeCode>
                    <westBL Sync="TRUE">-122.270628</westBL>
                    <eastBL Sync="TRUE">-122.251791</eastBL>
                    <northBL Sync="TRUE">37.884005</northBL>
                    <southBL Sync="TRUE">37.866780</southBL>
                </GeoBndBox>
            </geoEle>
        </dataExt>
        <placeKeys
            xmlns="">
            <keyword>University of California Berkeley campus</keyword>
        </placeKeys>
        <placeKeys
            xmlns="">
            <keyword>Berkeley (Calif.)</keyword>
        </placeKeys>
        <placeKeys
            xmlns="">
            <keyword>Alameda County (Calif.)</keyword>
        </placeKeys>
        <placeKeys
            xmlns="">
            <keyword>California</keyword>
        </placeKeys>
        <tempKeys
            xmlns="">
            <keyword>1911</keyword>
        </tempKeys>
        <themeKeys
            xmlns="">
            <keyword>university campuses</keyword>
        </themeKeys>
        <dataChar>
            <CharSetCd value="004"/>
        </dataChar>
        <idPoC
            xmlns="">
            <rpIndName>John Ridener</rpIndName>
            <rpOrgName>Earth Sciences and Map Library University of California, Berkeley</rpOrgName>
            <rpPosName>GIS Specialist</rpPosName>
            <rpCntInfo
                xmlns="">
                <cntAddress addressType="">
                    <delPoint>50 McCone Hall, UC Berkeley</delPoint>
                    <city>Berkeley</city>
                    <adminArea>California</adminArea>
                    <postCode>94720</postCode>
                    <eMailAdd>jridener@library.berkeley.edu</eMailAdd>
                    <country>us</country>
                </cntAddress>
                <cntPhone>
                    <voiceNum tddtty="">510 643 9350</voiceNum>
                </cntPhone>
            </rpCntInfo>
            <role>
                <RoleCd value="006"/>
            </role>
            <displayName>John Ridener</displayName>
            <displayName>John Ridener</displayName>
        </idPoC>
        <resMaint
            xmlns="">
            <maintFreq>
                <MaintFreqCd value="011"/>
            </maintFreq>
        </resMaint>
        <tpCat>
            <TopicCatCd value="017"/>
        </tpCat>
        <tpCat>
            <TopicCatCd value="012"/>
        </tpCat>
        <tpCat>
            <TopicCatCd value="018"/>
        </tpCat>
    </dataIdInfo>
    <metainfo>
        <langmeta Sync="TRUE">en</langmeta>
        <metstdn Sync="TRUE">FGDC Content Standards for Digital Geospatial Metadata</metstdn>
        <metstdv Sync="TRUE">FGDC-STD-001-1998</metstdv>
        <mettc Sync="TRUE">local time</mettc>
        <metc>
            <cntinfo>
                <cntorgp>
                    <cntper>REQUIRED: The person responsible for the metadata information.</cntper>
                    <cntorg>REQUIRED: The organization responsible for the metadata information.</cntorg>
                </cntorgp>
                <cntaddr>
                    <addrtype>REQUIRED: The mailing and/or physical address for the organization or individual.</addrtype>
                    <city>REQUIRED: The city of the address.</city>
                    <state>REQUIRED: The state or province of the address.</state>
                    <postal>REQUIRED: The ZIP or other postal code of the address.</postal>
                </cntaddr>
                <cntvoice>REQUIRED: The telephone number by which individuals can speak to the organization or individual.</cntvoice>
            </cntinfo>
        </metc>
        <metd Sync="TRUE">20100510</metd>
    </metainfo>
    <mdLang>
        <languageCode Sync="TRUE" value="eng"/>
        <countryCode value="USA" Sync="TRUE"/>
    </mdLang>
    <mdChar>
        <CharSetCd Sync="TRUE" value="005"/>
    </mdChar>
    <mdHrLv>
        <ScopeCd Sync="TRUE" value="005"/>
    </mdHrLv>
    <mdHrLvName Sync="TRUE">dataset</mdHrLvName>
    <distInfo
        xmlns="">
        <distributor
            xmlns="">
            <distorTran
                xmlns="">
                <onLineSrc
                    xmlns="">
                    <linkage Sync="TRUE">file://\\MCC-57-8\F$\UCB\G4364_B5_2U5_1911_U5_rectified.tif</linkage>
                    <protocol Sync="TRUE">Local Area Network</protocol>
                    <orDesc Sync="TRUE">002</orDesc>
                </onLineSrc>
                <transSize Sync="TRUE">0.000</transSize>
            </distorTran>
            <distorFormat
                xmlns="">
                <formatName Sync="TRUE">Raster Dataset</formatName>
                <formatVer>Adobe Photoshop CS3, Global Mapper</formatVer>
            </distorFormat>
            <distorCont
                xmlns="">
                <editorSource>external</editorSource>
                <editorDigest>b227a3aba7a27788ab3eec356a07be0a</editorDigest>
                <rpOrgName>UC Berkeley Library</rpOrgName>
                <rpCntInfo
                    xmlns="">
                    <cntPhone>
                        <voiceNum tddtty="">(510) 642-2997</voiceNum>
                    </cntPhone>
                    <cntAddress addressType="">
                        <delPoint>50 McCone Hall</delPoint>
                        <city>Berkeley</city>
                        <adminArea>CA</adminArea>
                        <postCode>94720</postCode>
                        <country>US</country>
                        <eMailAdd>eart@library.berkeley.edu</eMailAdd>
                    </cntAddress>
                </rpCntInfo>
                <editorSave>True</editorSave>
                <displayName>UC Berkeley Library</displayName>
                <role>
                    <RoleCd value="005"/>
                </role>
            </distorCont>
        </distributor>
        <distFormat
            xmlns="">
            <formatName Sync="FALSE">GeoTIFF</formatName>
            <formatVer>Adobe Photoshop CS3, Global Mapper</formatVer>
        </distFormat>
    </distInfo>
    <distinfo>
        <resdesc Sync="TRUE">Downloadable Data</resdesc>
        <stdorder>
            <digform>
                <digtinfo>
                    <transize Sync="TRUE">0.000</transize>
                    <dssize Sync="TRUE">0.000</dssize>
                </digtinfo>
            </digform>
        </stdorder>
    </distinfo>
    <spdoinfo>
        <direct Sync="TRUE">Raster</direct>
        <rastinfo>
            <rasttype Sync="TRUE">Pixel</rasttype>
            <rowcount Sync="TRUE">7932</rowcount>
            <colcount Sync="TRUE">10091</colcount>
            <rastxsz Sync="TRUE">0.000002</rastxsz>
            <rastysz Sync="TRUE">0.000002</rastysz>
            <rastbpp Sync="TRUE">8</rastbpp>
            <vrtcount Sync="TRUE">1</vrtcount>
            <rastorig Sync="TRUE">Upper Left</rastorig>
            <rastcmap Sync="TRUE">FALSE</rastcmap>
            <rastcomp Sync="TRUE">None</rastcomp>
            <rastband Sync="TRUE">3</rastband>
            <rastdtyp Sync="TRUE">pixel codes</rastdtyp>
            <rastplyr Sync="TRUE">FALSE</rastplyr>
            <rastifor Sync="TRUE">TIFF</rastifor>
        </rastinfo>
    </spdoinfo>
    <spref>
        <horizsys>
            <cordsysn>
                <geogcsn Sync="TRUE">GCS_WGS_1984</geogcsn>
            </cordsysn>
            <geograph>
                <geogunit Sync="TRUE">Decimal degrees</geogunit>
                <latres Sync="TRUE">0.000000</latres>
                <longres Sync="TRUE">0.000000</longres>
            </geograph>
            <geodetic>
                <horizdn Sync="TRUE">D_WGS_1984</horizdn>
                <ellips Sync="TRUE">WGS_1984</ellips>
                <semiaxis Sync="TRUE">6378137.000000</semiaxis>
                <denflat Sync="TRUE">298.257224</denflat>
            </geodetic>
        </horizsys>
    </spref>
    <refSysInfo>
        <RefSystem dimension="">
            <refSysID
                xmlns="">
                <identCode Sync="TRUE" code="4326">GCS_WGS_1984</identCode>
                <idCodeSpace Sync="TRUE">EPSG</idCodeSpace>
                <idVersion Sync="TRUE">6.14(3.0.1)</idVersion>
            </refSysID>
        </RefSystem>
    </refSysInfo>
    <mdDateSt Sync="TRUE">20210407</mdDateSt>
    <dqInfo
        xmlns="">
        <dataLineage>
            <dataSource
                xmlns="" type="">
                <srcDesc>Scan of "Map of the University of California, Berkeley" published 1911 from the UC Berkeley Library Earth Sciences &amp; Map Library collection. Physical dimensions are 48 x 30 cm., on sheet 50 x 64 cm. Call number: G4364.B5:2U5 1911 .U5</srcDesc>
                <srcMedName>
                    <MedNameCd value="018"/>
                </srcMedName>
            </dataSource>
        </dataLineage>
    </dqInfo>
    <mdContact
        xmlns="">
        <editorSource>external</editorSource>
        <editorDigest>b227a3aba7a27788ab3eec356a07be0a</editorDigest>
        <rpOrgName>UC Berkeley Library</rpOrgName>
        <rpCntInfo
            xmlns="">
            <cntPhone>
                <voiceNum tddtty="">(510) 642-2997</voiceNum>
            </cntPhone>
            <cntAddress addressType="">
                <delPoint>50 McCone Hall</delPoint>
                <city>Berkeley</city>
                <adminArea>CA</adminArea>
                <postCode>94720</postCode>
                <country>US</country>
                <eMailAdd>eart@library.berkeley.edu</eMailAdd>
            </cntAddress>
        </rpCntInfo>
        <editorSave>True</editorSave>
        <displayName>UC Berkeley Library</displayName>
        <role>
            <RoleCd value="005"/>
        </role>
    </mdContact>
    <mdMaint
        xmlns="">
        <maintFreq>
            <MaintFreqCd value="009"/>
        </maintFreq>
    </mdMaint>
    <spatRepInfo>
        <Georect>
            <cellGeo>
                <CellGeoCd Sync="TRUE" value="002"/>
            </cellGeo>
            <numDims Sync="TRUE">2</numDims>
            <tranParaAv Sync="TRUE">1</tranParaAv>
            <chkPtAv Sync="TRUE">0</chkPtAv>
            <cornerPts>
                <pos Sync="TRUE">-122.270628 37.866780</pos>
            </cornerPts>
            <cornerPts>
                <pos Sync="TRUE">-122.270628 37.884005</pos>
            </cornerPts>
            <cornerPts>
                <pos Sync="TRUE">-122.251791 37.884005</pos>
            </cornerPts>
            <cornerPts>
                <pos Sync="TRUE">-122.251791 37.866780</pos>
            </cornerPts>
            <centerPt>
                <pos Sync="TRUE">-122.261210 37.875393</pos>
            </centerPt>
            <axisDimension type="002">
                <dimSize Sync="TRUE">10091</dimSize>
                <dimResol>
                    <value Sync="TRUE" uom="deg">0.000002</value>
                </dimResol>
            </axisDimension>
            <axisDimension type="001">
                <dimSize Sync="TRUE">7932</dimSize>
                <dimResol>
                    <value Sync="TRUE" uom="deg">0.000002</value>
                </dimResol>
            </axisDimension>
            <ptInPixel>
                <PixOrientCd Sync="TRUE" value="001"/>
            </ptInPixel>
        </Georect>
    </spatRepInfo>
    <contInfo>
        <ImgDesc>
            <contentTyp>
                <ContentTypCd Sync="TRUE" value="001"/>
            </contentTyp>
            <covDim>
                <Band>
                    <dimDescrp Sync="TRUE">Band_1</dimDescrp>
                    <bitsPerVal Sync="TRUE">8</bitsPerVal>
                    <valUnit>
                        <UOM type="length"/>
                    </valUnit>
                </Band>
                <Band>
                    <dimDescrp Sync="TRUE">Band_2</dimDescrp>
                    <bitsPerVal Sync="TRUE">8</bitsPerVal>
                    <valUnit>
                        <UOM type="length"/>
                    </valUnit>
                </Band>
                <Band>
                    <dimDescrp Sync="TRUE">Band_3</dimDescrp>
                    <bitsPerVal Sync="TRUE">8</bitsPerVal>
                    <valUnit>
                        <UOM type="length"/>
                    </valUnit>
                </Band>
            </covDim>
        </ImgDesc>
    </contInfo>
</metadata>
